-- phpMyAdmin SQL Dump
-- version 4.2.8
-- http://www.phpmyadmin.net
--
-- Värd: localhost
-- Tid vid skapande: 29 nov 2014 kl 10:17
-- Serverversion: 5.6.15
-- PHP-version: 5.3.28

SET SQL_MODE = "NO_AUTO_VALUE_ON_ZERO";
SET time_zone = "+00:00";


/*!40101 SET @OLD_CHARACTER_SET_CLIENT=@@CHARACTER_SET_CLIENT */;
/*!40101 SET @OLD_CHARACTER_SET_RESULTS=@@CHARACTER_SET_RESULTS */;
/*!40101 SET @OLD_COLLATION_CONNECTION=@@COLLATION_CONNECTION */;
/*!40101 SET NAMES utf8 */;

--
-- Databas: `sjuansbokhandel`
--

-- --------------------------------------------------------

--
-- Tabellstruktur `authors`
--

CREATE TABLE IF NOT EXISTS `authors` (
`author_id` int(11) NOT NULL,
  `first_name` varchar(255) NOT NULL,
  `last_name` varchar(255) NOT NULL
) ENGINE=InnoDB AUTO_INCREMENT=18 DEFAULT CHARSET=utf8;

--
-- Dumpning av Data i tabell `authors`
--

INSERT INTO `authors` (`author_id`, `first_name`, `last_name`) VALUES
(1, 'Lena', 'Andersson'),
(2, 'Diana', 'Gabaldon'),
(3, 'Patrick', 'Modiano'),
(4, 'Jan', 'Guillou'),
(5, 'David', 'Nicholls'),
(6, 'Fredrik', 'Backman'),
(7, 'Anna', 'Bikont'),
(8, 'Klas', 'Östergren'),
(9, 'Ken', 'Follett'),
(10, 'Kristina', 'Ohlsson'),
(11, 'Kristina', 'Sandberg'),
(12, 'Tommy', 'Rapp'),
(13, 'Conn', 'Iggulden'),
(14, 'Sara', 'Stridsberg'),
(15, 'Jojo', 'Moyes'),
(16, 'Carolina', 'Neurath'),
(17, 'Catharina', 'Ingelman-Sundberg');

-- --------------------------------------------------------

--
-- Tabellstruktur `books`
--

CREATE TABLE IF NOT EXISTS `books` (
  `isbn` bigint(13) NOT NULL,
  `title` varchar(255) NOT NULL,
  `description` text,
  `author_id` int(11) NOT NULL,
  `shelf_id` int(11) NOT NULL
) ENGINE=InnoDB DEFAULT CHARSET=utf8;

--
-- Dumpning av Data i tabell `books`
--

INSERT INTO `books` (`isbn`, `title`, `description`, `author_id`, `shelf_id`) VALUES
(9789100135096, 'Beckomberga : ode till min familj', 'När Jimmie Darling kommer till Beckomberga mentalsjukhus börjar hans dotter Jackie tillbringa allt mer tid där och när modern reser till Svarta havet blir sjukhuset hela hennes värld. Där finns läkaren Edvard Winterson som varje natt tar med sig J...', 14, 3),
(9789100139728, 'Rosornas krig. Första boken, Stormfågel', 'Året är 1437. Efter åratal av förmyndarregering ska den fromme Henry den VI, Lammet kallad, krönas till konung. Hans bräckliga hälsa och vacklande sinne gör honom till en svag kung, och Henrik förlitar sig på sina närmaste män, spionmästaren Derry...', 13, 2),
(9789100140939, 'Evighetens rand', 'Evighetens rand är den storslagna finalen på Ken Folletts romantrilogi om fem familjers öden under 1900-talet. Berättelsen, som inleddes med Giganternas fall och Världens vinter , har nu nått fram till de dramatiska årtiondena mellan 1960 och 1989...', 9, 1),
(9789113055787, 'De svenska riskkapitalisterna : en berättelse om makt, pengar och hemligheter', 'De är mäktiga, rika och hemlighetsfulla. På kort tid har de fyra riskkapitaljättarna EQT, IK, Altor och Nordic Capital förändrat den svenska samhällsbilden dramatiskt: de har skaffat sig mer makt än många politiker. Och bolagens delägare tjänar me...', 16, 3),
(9789113059723, 'Liv till varje pris', 'Det ska vara ett flott ställe med bra kök, Järvsöbadens hotell och pensionat. Maken Tomas har bjudit Maj och deras tonåringar Anita och Lasse dit över påsken och Maj borde känna sig glad. Om hon bara inte hade haft den här yrseln. Nu ska hon göra ...', 11, 2),
(9789113067803, 'De dunkla butikernas gata', 'Privatdetektiven Guy Roland plågas av minnesförlust efter en mystisk olycka för femton år sedan. När hans chef går i pension beslutar sig Roland för att finna sin rätta identitet. Spåren leder honom till andra världskriget och till en man, möjlige...', 3, 1),
(9789127139961, 'Utan personligt ansvar', 'Ester Nilsson är tillbaka. Och hon har inte lärt sig någonting. Fem år efter Hugo Rask träffar Ester skådespelaren Olof Sten. Redan vid det första mötet känner hon igen sin kropps reaktion: hon håller på att bli handlöst förälskad. Olof gör ingen ...', 1, 3),
(9789127140110, 'Twist', 'Klas Östergrens nya roman skruvar sig fram mellan årtiondena fram till vår egen tid, från en given punkt på sextiotalet när sommaren var lång och The Beatles "Twist and Shout" fortfarande ekade i folks medvetande. Där väcks en kärlek, ti...', 8, 2),
(9789137143668, 'Låna är silver, råna är guld', 'Internationell succé - Pensionärsligan är tillbaka! Märtha, Snillet, Krattan, Stina och Anna-Greta är tillbaka. De har lämnat livet på servicehemmet Diamanten bakom sig och befinner sig i Las Vegas. Med utstuderad taktik, ett par löständer och var...', 17, 1),
(9789164204394, 'Att inte vilja se', '"en bok man utan vidare sträckläser. Jan Guillou är påläst, både seriös och underhållande samt inte minst omsorgsfull om detaljer, vilket ger en stark känsla av autencitet". Dala-Demokraten "Det måste sägas att Guillou i ingenjör La...', 4, 3),
(9789164242457, 'Mannen utan sorg', 'Kristina Ohlsson är nu aktuell med sin nya hårdkokta kriminalserie om advokaten Martin Benner. Lotus Blues utkommer okt 2014 och Mios Blues under våren 2015. I denna novell, Mannen utan sorg , får vi för första gången möta Martin. Här försvarar ha...', 10, 2),
(9789173894692, 'Vi från Jedwabne', 'Sommaren 1941 utsattes polska judar for hemska övergrepp i sina hembyar över hela Polen. Allra vaärst drabbades den judiska befolkningen i Jedwabne där minst 340 judar en fjärdedel av byns invånare antingen slogs ihjäl eller brändes inne av sina g...', 7, 1),
(9789174632224, 'Det ligger en gråhund begraven på Mars', 'Det ligger en gråhund begraven på Mars, är berättelsen om livsödet för den sjukpensionerade gruvarbetaren Isak Thomasson Kemiläinen från Kattuvuoma, nordost om Torneträsk. Efter en rasolycka i Kirunagruvan år 2002 så följer sedan sjukpension, bero...', 12, 2),
(9789175470696, 'Skugga av svek I', 'Skugga av svek I är den åttonde boken i Diana Gabaldons episka kärlekssaga. Äventyret började i den nu klassiska romanen Främlingen . Den engelska sjuksköterskan Claire Randall gör år 1946 ofrivilligt en tidsresa där hon hamnar i 1700-talets Skott...', 2, 3),
(9789186497309, 'Nätternas gräs', '"Detta är en av de böcker som jag inte tvekar att kalla oundgänglig, ett mästerverk i det lilla formatet." Svenska Dagbladet "Språket är diskret men mästerligt, kanske det mest effektiva i samtidsprosan. (...) Jag längtar redan efter hans nästa ro...', 3, 3),
(9789186497415, 'Dora Bruder', '"Om man ska läsa någon bok i höst och vill sätta tänderna i 118 sidor som kommer att vidga ens liv, då ska man läsa den här. En femma till Patrick Modiano." Gomorron Sverige, SVT "Läs hans roman! Du glömmer den inte." Jönköpings-Posten "När han är...', 3, 2),
(9789187343476, 'Etthundra mil', 'En ny bladvändare från författaren till Livet efter dig ! Jess Thomas liv suger. Hennes man har stuckit och hon tvingas ha dubbla jobb för att försörja sina två barn. Styvsonen Nicky kommer ständigt hem från den ruffa kommunala skolan med nya blåm...', 15, 1),
(9789187343513, 'Vi', 'Författaren till En dag är tillbaka med en ny, bitterljuv kärlekshistoria "Jag såg fram emot att vi skulle bli gamla tillsammans. Du och jag, att vi skulle åldras och sedan dö tillsammans." "Men Douglas, vilken normal människa skull...', 5, 3),
(9789187343599, 'Vi (e-bok)', 'Douglas och Connie har varit gifta i tjugofem år. När sonen Albie ska flytta hemifrån släpper Connie bomben: hon vill skiljas. Men först ska de tre åka på en sista familjesemester tillsammans, en Grand Tour genom Europas kulturhuvudstäder. Douglas...', 5, 2),
(9789198182002, 'Britt-Marie var här', 'Britt-Marie var här är en roman om att förlora sig, förälska sig och att sparka på det som rullar. Borg är ett samhälle om vilket det snällaste man kan säga är att det ligger vid en väg. Britt-Marie är en 63-årig kvinna som fått höra att hon är en...', 6, 1);

-- --------------------------------------------------------

--
-- Tabellstruktur `books_prices`
--

CREATE TABLE IF NOT EXISTS `books_prices` (
`price_id` int(11) NOT NULL,
  `price` decimal(10,2) NOT NULL,
  `date` datetime NOT NULL DEFAULT CURRENT_TIMESTAMP ON UPDATE CURRENT_TIMESTAMP,
  `isbn` bigint(13) NOT NULL
) ENGINE=InnoDB AUTO_INCREMENT=51 DEFAULT CHARSET=utf8;

--
-- Dumpning av Data i tabell `books_prices`
--

INSERT INTO `books_prices` (`price_id`, `price`, `date`, `isbn`) VALUES
(1, '185.00', '2014-09-01 07:00:00', 9789127139961),
(2, '185.00', '2014-09-02 07:00:00', 9789175470696),
(3, '152.00', '2014-09-03 07:00:00', 9789186497415),
(4, '175.00', '2014-09-04 07:00:00', 9789164204394),
(5, '162.00', '2014-09-05 07:00:00', 9789186497309),
(6, '166.00', '2014-09-06 07:00:00', 9789187343513),
(7, '175.00', '2014-09-07 07:00:00', 9789198182002),
(8, '203.00', '2014-09-08 07:00:00', 9789173894692),
(9, '171.00', '2014-09-09 07:00:00', 9789127140110),
(10, '189.00', '2014-09-10 07:00:00', 9789100140939),
(11, '19.00', '2014-09-11 07:00:00', 9789164242457),
(12, '161.00', '2014-09-12 07:00:00', 9789113059723),
(13, '136.00', '2014-09-13 07:00:00', 9789174632224),
(14, '170.00', '2014-09-14 07:00:00', 9789113067803),
(15, '159.00', '2014-09-15 07:00:00', 9789187343599),
(16, '185.00', '2014-09-16 07:00:00', 9789100139728),
(17, '162.00', '2014-09-17 07:00:00', 9789100135096),
(18, '162.00', '2014-09-18 07:00:00', 9789187343476),
(19, '175.00', '2014-09-19 07:00:00', 9789113055787),
(20, '87.00', '2014-09-20 07:00:00', 9789137143668),
(21, '212.00', '2014-10-01 07:00:00', 9789127139961),
(22, '212.00', '2014-10-02 07:00:00', 9789175470696),
(23, '174.00', '2014-10-03 07:00:00', 9789186497415),
(24, '200.00', '2014-10-04 07:00:00', 9789164204394),
(25, '185.00', '2014-10-05 07:00:00', 9789186497309),
(26, '189.00', '2014-10-06 07:00:00', 9789187343513),
(27, '200.00', '2014-10-07 07:00:00', 9789198182002),
(28, '232.00', '2014-10-08 07:00:00', 9789173894692),
(29, '196.00', '2014-10-09 07:00:00', 9789127140110),
(30, '216.00', '2014-10-10 07:00:00', 9789100140939),
(31, '21.00', '2014-10-11 07:00:00', 9789164242457),
(32, '184.00', '2014-10-12 07:00:00', 9789113059723),
(33, '156.00', '2014-10-13 07:00:00', 9789174632224),
(34, '194.00', '2014-10-14 07:00:00', 9789113067803),
(35, '181.00', '2014-10-15 07:00:00', 9789187343599),
(36, '212.00', '2014-10-16 07:00:00', 9789100139728),
(37, '185.00', '2014-10-17 07:00:00', 9789100135096),
(38, '185.00', '2014-10-18 07:00:00', 9789187343476),
(39, '200.00', '2014-10-19 07:00:00', 9789113055787),
(40, '100.00', '2014-10-20 07:00:00', 9789137143668),
(41, '198.00', '2014-11-01 08:00:00', 9789127139961),
(42, '198.00', '2014-11-02 08:00:00', 9789175470696),
(43, '163.00', '2014-11-03 08:00:00', 9789186497415),
(44, '188.00', '2014-11-04 08:00:00', 9789164204394),
(45, '173.00', '2014-11-05 08:00:00', 9789186497309),
(46, '177.00', '2014-11-06 08:00:00', 9789187343513),
(47, '188.00', '2014-11-07 08:00:00', 9789198182002),
(48, '217.00', '2014-11-08 08:00:00', 9789173894692),
(49, '184.00', '2014-11-09 08:00:00', 9789127140110),
(50, '203.00', '2014-11-10 08:00:00', 9789100140939);

-- --------------------------------------------------------

--
-- Tabellstruktur `deliveries`
--

CREATE TABLE IF NOT EXISTS `deliveries` (
`delivery_id` int(11) NOT NULL,
  `f_price` decimal(10,2) NOT NULL,
  `quantity` int(11) NOT NULL,
  `date` datetime NOT NULL DEFAULT CURRENT_TIMESTAMP ON UPDATE CURRENT_TIMESTAMP,
  `isbn` bigint(13) NOT NULL
) ENGINE=InnoDB AUTO_INCREMENT=51 DEFAULT CHARSET=utf8;

--
-- Dumpning av Data i tabell `deliveries`
--

INSERT INTO `deliveries` (`delivery_id`, `f_price`, `quantity`, `date`, `isbn`) VALUES
(1, '132.00', 16, '2014-09-01 07:00:00', 9789127139961),
(2, '132.00', 29, '2014-09-02 07:00:00', 9789175470696),
(3, '109.00', 27, '2014-09-03 07:00:00', 9789186497415),
(4, '125.00', 14, '2014-09-04 07:00:00', 9789164204394),
(5, '115.00', 5, '2014-09-05 07:00:00', 9789186497309),
(6, '118.00', 17, '2014-09-06 07:00:00', 9789187343513),
(7, '125.00', 20, '2014-09-07 07:00:00', 9789198182002),
(8, '145.00', 8, '2014-09-08 07:00:00', 9789173894692),
(9, '122.00', 8, '2014-09-09 07:00:00', 9789127140110),
(10, '135.00', 27, '2014-09-10 07:00:00', 9789100140939),
(11, '13.00', 7, '2014-09-11 07:00:00', 9789164242457),
(12, '115.00', 6, '2014-09-12 07:00:00', 9789113059723),
(13, '97.00', 21, '2014-09-13 07:00:00', 9789174632224),
(14, '121.00', 20, '2014-09-14 07:00:00', 9789113067803),
(15, '113.00', 10, '2014-09-15 07:00:00', 9789187343599),
(16, '132.00', 23, '2014-09-16 07:00:00', 9789100139728),
(17, '115.00', 5, '2014-09-17 07:00:00', 9789100135096),
(18, '115.00', 12, '2014-09-18 07:00:00', 9789187343476),
(19, '125.00', 8, '2014-09-19 07:00:00', 9789113055787),
(20, '62.00', 31, '2014-09-20 07:00:00', 9789137143668),
(21, '151.00', 21, '2014-10-01 07:00:00', 9789127139961),
(22, '151.00', 18, '2014-10-02 07:00:00', 9789175470696),
(23, '124.00', 9, '2014-10-03 07:00:00', 9789186497415),
(24, '143.00', 34, '2014-10-04 07:00:00', 9789164204394),
(25, '132.00', 9, '2014-10-05 07:00:00', 9789186497309),
(26, '135.00', 29, '2014-10-06 07:00:00', 9789187343513),
(27, '143.00', 20, '2014-10-07 07:00:00', 9789198182002),
(28, '166.00', 27, '2014-10-08 07:00:00', 9789173894692),
(29, '140.00', 8, '2014-10-09 07:00:00', 9789127140110),
(30, '154.00', 12, '2014-10-10 07:00:00', 9789100140939),
(31, '15.00', 32, '2014-10-11 07:00:00', 9789164242457),
(32, '131.00', 14, '2014-10-12 07:00:00', 9789113059723),
(33, '111.00', 20, '2014-10-13 07:00:00', 9789174632224),
(34, '138.00', 11, '2014-10-14 07:00:00', 9789113067803),
(35, '130.00', 27, '2014-10-15 07:00:00', 9789187343599),
(36, '151.00', 6, '2014-10-16 07:00:00', 9789100139728),
(37, '132.00', 20, '2014-10-17 07:00:00', 9789100135096),
(38, '132.00', 16, '2014-10-18 07:00:00', 9789187343476),
(39, '143.00', 12, '2014-10-19 07:00:00', 9789113055787),
(40, '71.00', 29, '2014-10-20 07:00:00', 9789137143668),
(41, '142.00', 23, '2014-11-01 08:00:00', 9789127139961),
(42, '142.00', 21, '2014-11-02 08:00:00', 9789175470696),
(43, '116.00', 6, '2014-11-03 08:00:00', 9789186497415),
(44, '134.00', 17, '2014-11-04 08:00:00', 9789164204394),
(45, '124.00', 25, '2014-11-05 08:00:00', 9789186497309),
(46, '127.00', 21, '2014-11-06 08:00:00', 9789187343513),
(47, '134.00', 24, '2014-11-07 08:00:00', 9789198182002),
(48, '155.00', 25, '2014-11-08 08:00:00', 9789173894692),
(49, '131.00', 13, '2014-11-09 08:00:00', 9789127140110),
(50, '145.00', 20, '2014-11-10 08:00:00', 9789100140939);

-- --------------------------------------------------------

--
-- Tabellstruktur `sales`
--

CREATE TABLE IF NOT EXISTS `sales` (
`sale_id` int(11) NOT NULL,
  `quantity` int(11) NOT NULL,
  `date` datetime NOT NULL DEFAULT CURRENT_TIMESTAMP ON UPDATE CURRENT_TIMESTAMP,
  `isbn` bigint(13) NOT NULL
) ENGINE=InnoDB AUTO_INCREMENT=282 DEFAULT CHARSET=utf8;

--
-- Dumpning av Data i tabell `sales`
--

INSERT INTO `sales` (`sale_id`, `quantity`, `date`, `isbn`) VALUES
(1, 1, '2014-09-02 09:00:00', 9789127139961),
(2, 1, '2014-09-04 09:00:00', 9789127139961),
(3, 1, '2014-09-05 09:00:00', 9789127139961),
(4, 1, '2014-09-06 09:00:00', 9789127139961),
(5, 1, '2014-09-07 09:00:00', 9789127139961),
(6, 2, '2014-09-08 09:00:00', 9789127139961),
(7, 1, '2014-09-09 09:00:00', 9789127139961),
(8, 2, '2014-09-02 09:00:00', 9789175470696),
(9, 1, '2014-09-03 09:00:00', 9789175470696),
(10, 3, '2014-09-05 09:00:00', 9789175470696),
(11, 3, '2014-09-06 09:00:00', 9789175470696),
(12, 1, '2014-09-07 09:00:00', 9789175470696),
(13, 1, '2014-09-08 09:00:00', 9789175470696),
(14, 3, '2014-09-09 09:00:00', 9789175470696),
(15, 2, '2014-09-10 09:00:00', 9789175470696),
(16, 1, '2014-09-03 09:00:00', 9789186497415),
(17, 1, '2014-09-04 09:00:00', 9789186497415),
(18, 2, '2014-09-05 09:00:00', 9789186497415),
(19, 1, '2014-09-06 09:00:00', 9789186497415),
(20, 3, '2014-09-09 09:00:00', 9789186497415),
(21, 3, '2014-09-10 09:00:00', 9789186497415),
(22, 2, '2014-09-11 09:00:00', 9789186497415),
(23, 1, '2014-09-04 09:00:00', 9789164204394),
(24, 1, '2014-09-05 09:00:00', 9789164204394),
(25, 1, '2014-09-07 09:00:00', 9789164204394),
(26, 1, '2014-09-10 09:00:00', 9789164204394),
(27, 1, '2014-09-07 09:00:00', 9789187343513),
(28, 2, '2014-09-09 09:00:00', 9789187343513),
(29, 1, '2014-09-12 09:00:00', 9789187343513),
(30, 1, '2014-09-13 09:00:00', 9789187343513),
(31, 1, '2014-09-14 09:00:00', 9789187343513),
(32, 1, '2014-09-07 09:00:00', 9789198182002),
(33, 2, '2014-09-09 09:00:00', 9789198182002),
(34, 1, '2014-09-11 09:00:00', 9789198182002),
(35, 1, '2014-09-14 09:00:00', 9789198182002),
(36, 1, '2014-09-15 09:00:00', 9789198182002),
(37, 1, '2014-09-13 09:00:00', 9789173894692),
(38, 1, '2014-09-14 09:00:00', 9789173894692),
(39, 1, '2014-09-15 09:00:00', 9789173894692),
(40, 1, '2014-09-16 09:00:00', 9789173894692),
(41, 1, '2014-09-09 09:00:00', 9789127140110),
(42, 1, '2014-09-10 09:00:00', 9789127140110),
(43, 1, '2014-09-16 09:00:00', 9789127140110),
(44, 1, '2014-09-17 09:00:00', 9789127140110),
(45, 2, '2014-09-10 09:00:00', 9789100140939),
(46, 2, '2014-09-11 09:00:00', 9789100140939),
(47, 2, '2014-09-12 09:00:00', 9789100140939),
(48, 2, '2014-09-13 09:00:00', 9789100140939),
(49, 2, '2014-09-14 09:00:00', 9789100140939),
(50, 3, '2014-09-15 09:00:00', 9789100140939),
(51, 2, '2014-09-16 09:00:00', 9789100140939),
(52, 3, '2014-09-17 09:00:00', 9789100140939),
(53, 1, '2014-09-18 09:00:00', 9789100140939),
(54, 1, '2014-09-12 09:00:00', 9789164242457),
(55, 1, '2014-09-13 09:00:00', 9789164242457),
(56, 1, '2014-09-15 09:00:00', 9789164242457),
(57, 1, '2014-09-17 09:00:00', 9789164242457),
(58, 1, '2014-09-16 09:00:00', 9789113059723),
(59, 1, '2014-09-13 09:00:00', 9789174632224),
(60, 1, '2014-09-14 09:00:00', 9789174632224),
(61, 2, '2014-09-15 09:00:00', 9789174632224),
(62, 2, '2014-09-16 09:00:00', 9789174632224),
(63, 1, '2014-09-17 09:00:00', 9789174632224),
(64, 2, '2014-09-18 09:00:00', 9789174632224),
(65, 2, '2014-09-20 09:00:00', 9789174632224),
(66, 2, '2014-09-21 09:00:00', 9789174632224),
(67, 1, '2014-09-14 09:00:00', 9789113067803),
(68, 1, '2014-09-15 09:00:00', 9789113067803),
(69, 2, '2014-09-19 09:00:00', 9789113067803),
(70, 2, '2014-09-21 09:00:00', 9789113067803),
(71, 1, '2014-09-17 09:00:00', 9789187343599),
(72, 1, '2014-09-18 09:00:00', 9789187343599),
(73, 1, '2014-09-21 09:00:00', 9789187343599),
(74, 1, '2014-09-22 09:00:00', 9789187343599),
(75, 1, '2014-09-23 09:00:00', 9789187343599),
(76, 1, '2014-09-16 09:00:00', 9789100139728),
(77, 1, '2014-09-17 09:00:00', 9789100139728),
(78, 1, '2014-09-18 09:00:00', 9789100139728),
(79, 2, '2014-09-19 09:00:00', 9789100139728),
(80, 1, '2014-09-20 09:00:00', 9789100139728),
(81, 2, '2014-09-21 09:00:00', 9789100139728),
(82, 1, '2014-09-23 09:00:00', 9789100139728),
(83, 1, '2014-09-24 09:00:00', 9789100139728),
(84, 1, '2014-09-18 09:00:00', 9789187343476),
(85, 1, '2014-09-22 09:00:00', 9789187343476),
(86, 1, '2014-09-23 09:00:00', 9789187343476),
(87, 1, '2014-09-24 09:00:00', 9789187343476),
(88, 1, '2014-09-25 09:00:00', 9789187343476),
(89, 1, '2014-09-26 09:00:00', 9789187343476),
(90, 1, '2014-09-19 09:00:00', 9789113055787),
(91, 1, '2014-09-21 09:00:00', 9789113055787),
(92, 1, '2014-09-22 09:00:00', 9789113055787),
(93, 1, '2014-09-26 09:00:00', 9789113055787),
(94, 1, '2014-09-20 09:00:00', 9789137143668),
(95, 3, '2014-09-21 09:00:00', 9789137143668),
(96, 3, '2014-09-22 09:00:00', 9789137143668),
(97, 3, '2014-09-23 09:00:00', 9789137143668),
(98, 1, '2014-09-24 09:00:00', 9789137143668),
(99, 2, '2014-09-25 09:00:00', 9789137143668),
(100, 2, '2014-09-26 09:00:00', 9789137143668),
(101, 1, '2014-09-28 09:00:00', 9789137143668),
(102, 1, '2014-10-01 12:00:00', 9789127139961),
(103, 1, '2014-10-02 12:00:00', 9789127139961),
(104, 1, '2014-10-03 12:00:00', 9789127139961),
(105, 1, '2014-10-05 12:00:00', 9789127139961),
(106, 1, '2014-10-06 12:00:00', 9789127139961),
(107, 1, '2014-10-08 12:00:00', 9789127139961),
(108, 1, '2014-10-09 12:00:00', 9789127139961),
(109, 1, '2014-10-02 12:00:00', 9789175470696),
(110, 2, '2014-10-03 12:00:00', 9789175470696),
(111, 2, '2014-10-06 12:00:00', 9789175470696),
(112, 2, '2014-10-08 12:00:00', 9789175470696),
(113, 1, '2014-10-09 12:00:00', 9789175470696),
(114, 2, '2014-10-10 12:00:00', 9789175470696),
(115, 1, '2014-10-03 12:00:00', 9789186497415),
(116, 1, '2014-10-04 12:00:00', 9789186497415),
(117, 1, '2014-10-05 12:00:00', 9789186497415),
(118, 1, '2014-10-06 12:00:00', 9789186497415),
(119, 1, '2014-10-07 12:00:00', 9789186497415),
(120, 1, '2014-10-08 12:00:00', 9789186497415),
(121, 1, '2014-10-10 12:00:00', 9789186497415),
(122, 1, '2014-10-11 12:00:00', 9789186497415),
(123, 1, '2014-10-04 12:00:00', 9789164204394),
(124, 2, '2014-10-05 12:00:00', 9789164204394),
(125, 1, '2014-10-06 12:00:00', 9789164204394),
(126, 2, '2014-10-07 12:00:00', 9789164204394),
(127, 2, '2014-10-08 12:00:00', 9789164204394),
(128, 1, '2014-10-10 12:00:00', 9789164204394),
(129, 1, '2014-10-12 12:00:00', 9789164204394),
(130, 1, '2014-10-05 12:00:00', 9789186497309),
(131, 1, '2014-10-06 12:00:00', 9789186497309),
(132, 1, '2014-10-12 12:00:00', 9789186497309),
(133, 1, '2014-10-06 12:00:00', 9789187343513),
(134, 2, '2014-10-07 12:00:00', 9789187343513),
(135, 2, '2014-10-08 12:00:00', 9789187343513),
(136, 1, '2014-10-09 12:00:00', 9789187343513),
(137, 1, '2014-10-10 12:00:00', 9789187343513),
(138, 2, '2014-10-11 12:00:00', 9789187343513),
(139, 2, '2014-10-12 12:00:00', 9789187343513),
(140, 3, '2014-10-13 12:00:00', 9789187343513),
(141, 1, '2014-10-14 12:00:00', 9789187343513),
(142, 1, '2014-10-07 12:00:00', 9789198182002),
(143, 2, '2014-10-08 12:00:00', 9789198182002),
(144, 2, '2014-10-09 12:00:00', 9789198182002),
(145, 1, '2014-10-10 12:00:00', 9789198182002),
(146, 1, '2014-10-13 12:00:00', 9789198182002),
(147, 1, '2014-10-08 12:00:00', 9789173894692),
(148, 1, '2014-10-09 12:00:00', 9789173894692),
(149, 1, '2014-10-10 12:00:00', 9789173894692),
(150, 1, '2014-10-11 12:00:00', 9789173894692),
(151, 2, '2014-10-12 12:00:00', 9789173894692),
(152, 2, '2014-10-13 12:00:00', 9789173894692),
(153, 1, '2014-10-14 12:00:00', 9789173894692),
(154, 1, '2014-10-16 12:00:00', 9789173894692),
(155, 1, '2014-10-09 12:00:00', 9789127140110),
(156, 1, '2014-10-11 12:00:00', 9789127140110),
(157, 1, '2014-10-13 12:00:00', 9789127140110),
(158, 1, '2014-10-17 12:00:00', 9789127140110),
(159, 1, '2014-10-10 12:00:00', 9789100140939),
(160, 1, '2014-10-11 12:00:00', 9789100140939),
(161, 1, '2014-10-14 12:00:00', 9789100140939),
(162, 1, '2014-10-16 12:00:00', 9789100140939),
(163, 2, '2014-10-11 12:00:00', 9789164242457),
(164, 2, '2014-10-12 12:00:00', 9789164242457),
(165, 1, '2014-10-13 12:00:00', 9789164242457),
(166, 1, '2014-10-14 12:00:00', 9789164242457),
(167, 1, '2014-10-15 12:00:00', 9789164242457),
(168, 2, '2014-10-16 12:00:00', 9789164242457),
(169, 3, '2014-10-17 12:00:00', 9789164242457),
(170, 3, '2014-10-18 12:00:00', 9789164242457),
(171, 2, '2014-10-19 12:00:00', 9789164242457),
(172, 1, '2014-10-13 12:00:00', 9789113059723),
(173, 1, '2014-10-15 12:00:00', 9789113059723),
(174, 1, '2014-10-17 12:00:00', 9789113059723),
(175, 1, '2014-10-18 12:00:00', 9789113059723),
(176, 1, '2014-10-20 12:00:00', 9789113059723),
(177, 1, '2014-10-13 12:00:00', 9789174632224),
(178, 1, '2014-10-15 12:00:00', 9789174632224),
(179, 1, '2014-10-16 12:00:00', 9789174632224),
(180, 2, '2014-10-17 12:00:00', 9789174632224),
(181, 1, '2014-10-18 12:00:00', 9789174632224),
(182, 2, '2014-10-19 12:00:00', 9789174632224),
(183, 2, '2014-10-20 12:00:00', 9789174632224),
(184, 1, '2014-10-14 12:00:00', 9789113067803),
(185, 1, '2014-10-16 12:00:00', 9789113067803),
(186, 1, '2014-10-17 12:00:00', 9789113067803),
(187, 1, '2014-10-18 12:00:00', 9789113067803),
(188, 1, '2014-10-19 12:00:00', 9789113067803),
(189, 1, '2014-10-22 12:00:00', 9789113067803),
(190, 3, '2014-10-15 12:00:00', 9789187343599),
(191, 2, '2014-10-16 12:00:00', 9789187343599),
(192, 2, '2014-10-17 12:00:00', 9789187343599),
(193, 2, '2014-10-18 12:00:00', 9789187343599),
(194, 2, '2014-10-19 12:00:00', 9789187343599),
(195, 1, '2014-10-20 12:00:00', 9789187343599),
(196, 1, '2014-10-21 12:00:00', 9789187343599),
(197, 1, '2014-10-22 12:00:00', 9789187343599),
(198, 1, '2014-10-20 12:00:00', 9789100139728),
(199, 1, '2014-10-22 12:00:00', 9789100139728),
(200, 1, '2014-10-17 12:00:00', 9789100135096),
(201, 2, '2014-10-18 12:00:00', 9789100135096),
(202, 1, '2014-10-19 12:00:00', 9789100135096),
(203, 1, '2014-10-21 12:00:00', 9789100135096),
(204, 1, '2014-10-22 12:00:00', 9789100135096),
(205, 1, '2014-10-25 12:00:00', 9789100135096),
(206, 1, '2014-10-19 12:00:00', 9789187343476),
(207, 1, '2014-10-21 12:00:00', 9789187343476),
(208, 1, '2014-10-22 12:00:00', 9789187343476),
(209, 1, '2014-10-23 12:00:00', 9789187343476),
(210, 2, '2014-10-24 12:00:00', 9789187343476),
(211, 1, '2014-10-26 13:00:00', 9789187343476),
(212, 1, '2014-10-19 12:00:00', 9789113055787),
(213, 1, '2014-10-21 12:00:00', 9789113055787),
(214, 1, '2014-10-22 12:00:00', 9789113055787),
(215, 1, '2014-10-23 12:00:00', 9789113055787),
(216, 1, '2014-10-24 12:00:00', 9789113055787),
(217, 1, '2014-10-26 13:00:00', 9789113055787),
(218, 1, '2014-10-20 12:00:00', 9789137143668),
(219, 2, '2014-10-21 12:00:00', 9789137143668),
(220, 1, '2014-10-22 12:00:00', 9789137143668),
(221, 1, '2014-10-24 12:00:00', 9789137143668),
(222, 1, '2014-10-25 12:00:00', 9789137143668),
(223, 1, '2014-10-26 13:00:00', 9789137143668),
(224, 1, '2014-10-27 13:00:00', 9789137143668),
(225, 1, '2014-10-28 13:00:00', 9789137143668),
(226, 1, '2014-11-02 12:00:00', 9789127139961),
(227, 1, '2014-11-03 12:00:00', 9789127139961),
(228, 1, '2014-11-06 12:00:00', 9789127139961),
(229, 2, '2014-11-08 12:00:00', 9789127139961),
(230, 2, '2014-11-09 12:00:00', 9789127139961),
(231, 1, '2014-11-02 12:00:00', 9789175470696),
(232, 1, '2014-11-04 12:00:00', 9789175470696),
(233, 1, '2014-11-06 12:00:00', 9789175470696),
(234, 1, '2014-11-08 12:00:00', 9789175470696),
(235, 1, '2014-11-09 12:00:00', 9789175470696),
(236, 1, '2014-11-10 12:00:00', 9789175470696),
(237, 1, '2014-11-05 12:00:00', 9789186497415),
(238, 1, '2014-11-04 12:00:00', 9789164204394),
(239, 1, '2014-11-06 12:00:00', 9789164204394),
(240, 1, '2014-11-07 12:00:00', 9789164204394),
(241, 1, '2014-11-08 12:00:00', 9789164204394),
(242, 1, '2014-11-09 12:00:00', 9789164204394),
(243, 1, '2014-11-10 12:00:00', 9789164204394),
(244, 2, '2014-11-11 12:00:00', 9789164204394),
(245, 1, '2014-11-05 12:00:00', 9789186497309),
(246, 1, '2014-11-06 12:00:00', 9789186497309),
(247, 1, '2014-11-08 12:00:00', 9789186497309),
(248, 1, '2014-11-10 12:00:00', 9789186497309),
(249, 1, '2014-11-11 12:00:00', 9789186497309),
(250, 2, '2014-11-12 12:00:00', 9789186497309),
(251, 1, '2014-11-07 12:00:00', 9789187343513),
(252, 1, '2014-11-09 12:00:00', 9789187343513),
(253, 2, '2014-11-10 12:00:00', 9789187343513),
(254, 1, '2014-11-11 12:00:00', 9789187343513),
(255, 1, '2014-11-12 12:00:00', 9789187343513),
(256, 2, '2014-11-13 12:00:00', 9789187343513),
(257, 2, '2014-11-14 12:00:00', 9789187343513),
(258, 2, '2014-11-07 12:00:00', 9789198182002),
(259, 1, '2014-11-09 12:00:00', 9789198182002),
(260, 1, '2014-11-10 12:00:00', 9789198182002),
(261, 2, '2014-11-11 12:00:00', 9789198182002),
(262, 1, '2014-11-13 12:00:00', 9789198182002),
(263, 2, '2014-11-14 12:00:00', 9789198182002),
(264, 1, '2014-11-15 12:00:00', 9789198182002),
(265, 1, '2014-11-08 12:00:00', 9789173894692),
(266, 2, '2014-11-11 12:00:00', 9789173894692),
(267, 1, '2014-11-12 12:00:00', 9789173894692),
(268, 1, '2014-11-13 12:00:00', 9789173894692),
(269, 1, '2014-11-15 12:00:00', 9789173894692),
(270, 1, '2014-11-16 12:00:00', 9789173894692),
(271, 1, '2014-11-09 12:00:00', 9789127140110),
(272, 1, '2014-11-10 12:00:00', 9789127140110),
(273, 1, '2014-11-11 12:00:00', 9789127140110),
(274, 1, '2014-11-13 12:00:00', 9789127140110),
(275, 1, '2014-11-14 12:00:00', 9789127140110),
(276, 1, '2014-11-12 12:00:00', 9789100140939),
(277, 1, '2014-11-13 12:00:00', 9789100140939),
(278, 2, '2014-11-14 12:00:00', 9789100140939),
(279, 1, '2014-11-16 12:00:00', 9789100140939),
(280, 2, '2014-11-17 12:00:00', 9789100140939),
(281, 1, '2014-11-18 12:00:00', 9789100140939);

-- --------------------------------------------------------

--
-- Tabellstruktur `shelves`
--

CREATE TABLE IF NOT EXISTS `shelves` (
`shelf_id` int(11) NOT NULL,
  `code` varchar(4) NOT NULL
) ENGINE=InnoDB AUTO_INCREMENT=4 DEFAULT CHARSET=utf8;

--
-- Dumpning av Data i tabell `shelves`
--

INSERT INTO `shelves` (`shelf_id`, `code`) VALUES
(1, 'A3'),
(2, 'B5'),
(3, 'H1');

--
-- Index för dumpade tabeller
--

--
-- Index för tabell `authors`
--
ALTER TABLE `authors`
 ADD PRIMARY KEY (`author_id`);

--
-- Index för tabell `books`
--
ALTER TABLE `books`
 ADD PRIMARY KEY (`isbn`), ADD KEY `books_authors` (`author_id`), ADD KEY `books_shelfs` (`shelf_id`);

--
-- Index för tabell `books_prices`
--
ALTER TABLE `books_prices`
 ADD PRIMARY KEY (`price_id`), ADD KEY `books_prices_books` (`isbn`);

--
-- Index för tabell `deliveries`
--
ALTER TABLE `deliveries`
 ADD PRIMARY KEY (`delivery_id`), ADD KEY `delivery_books` (`isbn`);

--
-- Index för tabell `sales`
--
ALTER TABLE `sales`
 ADD PRIMARY KEY (`sale_id`), ADD KEY `sales_books` (`isbn`);

--
-- Index för tabell `shelves`
--
ALTER TABLE `shelves`
 ADD PRIMARY KEY (`shelf_id`);

--
-- AUTO_INCREMENT för dumpade tabeller
--

--
-- AUTO_INCREMENT för tabell `authors`
--
ALTER TABLE `authors`
MODIFY `author_id` int(11) NOT NULL AUTO_INCREMENT,AUTO_INCREMENT=18;
--
-- AUTO_INCREMENT för tabell `books_prices`
--
ALTER TABLE `books_prices`
MODIFY `price_id` int(11) NOT NULL AUTO_INCREMENT,AUTO_INCREMENT=51;
--
-- AUTO_INCREMENT för tabell `deliveries`
--
ALTER TABLE `deliveries`
MODIFY `delivery_id` int(11) NOT NULL AUTO_INCREMENT,AUTO_INCREMENT=51;
--
-- AUTO_INCREMENT för tabell `sales`
--
ALTER TABLE `sales`
MODIFY `sale_id` int(11) NOT NULL AUTO_INCREMENT,AUTO_INCREMENT=282;
--
-- AUTO_INCREMENT för tabell `shelves`
--
ALTER TABLE `shelves`
MODIFY `shelf_id` int(11) NOT NULL AUTO_INCREMENT,AUTO_INCREMENT=4;
--
-- Restriktioner för dumpade tabeller
--

--
-- Restriktioner för tabell `books`
--
ALTER TABLE `books`
ADD CONSTRAINT `books_shelfs` FOREIGN KEY (`shelf_id`) REFERENCES `shelves` (`shelf_id`),
ADD CONSTRAINT `books_authors` FOREIGN KEY (`author_id`) REFERENCES `authors` (`author_id`);

--
-- Restriktioner för tabell `books_prices`
--
ALTER TABLE `books_prices`
ADD CONSTRAINT `books_prices_books` FOREIGN KEY (`isbn`) REFERENCES `books` (`isbn`);

--
-- Restriktioner för tabell `deliveries`
--
ALTER TABLE `deliveries`
ADD CONSTRAINT `delivery_books` FOREIGN KEY (`isbn`) REFERENCES `books` (`isbn`);

--
-- Restriktioner för tabell `sales`
--
ALTER TABLE `sales`
ADD CONSTRAINT `sales_books` FOREIGN KEY (`isbn`) REFERENCES `books` (`isbn`);

/*!40101 SET CHARACTER_SET_CLIENT=@OLD_CHARACTER_SET_CLIENT */;
/*!40101 SET CHARACTER_SET_RESULTS=@OLD_CHARACTER_SET_RESULTS */;
/*!40101 SET COLLATION_CONNECTION=@OLD_COLLATION_CONNECTION */;
